4040,76717,362,37.9787,212.751,0.0526611,18.9894,
0,3
1,54
2,2
3,5
4,4
5,30
6,119
7,25
8,73
9,25
10,98
11,67
12,38
13,43
14,202
15,31
16,154
17,196
18,175
19,175
20,49
21,33
22,31
23,141
24,196
25,141
26,74
27,61
28,196
29,78
30,111
31,68
32,35
33,131
34,196
35,33
36,31
37,18
38,25
39,11
40,18
41,14
42,48
43,1
44,85
45,51
46,93
47,32
48,63
49,6
50,48
51,94
52,50
53,46
54,42
55,42
56,15
57,68
58,73
59,86
60,112
61,22
62,44
63,42
64,40
65,70
66,27
67,96
68,89
69,65
70,52
71,45
72,71
73,26
74,44
75,71
76,78
77,78
78,80
79,4
80,1
81,162
82,33
83,198
84,198
85,31
86,51
87,97
88,9
89,61
90,33
91,26
92,49
93,47
94,48
95,2
96,35
97,55
98,52
99,21
100,18
101,68
102,34
103,15
104,48
105,40
106,136
107,61
108,22
109,25
110,23
111,25
112,25
113,73
114,66
115,19
116,46
117,48
118,27
119,8
120,59
121,51
122,55
123,144
124,158
125,94
126,36
127,37
128,3
129,37
130,55
131,83
132,99
133,63
134,162
135,38
136,10
137,129
138,153
139,83
140,61
141,143
142,74
143,39
144,140
145,138
146,42
147,55
148,92
149,42
150,37
151,38
152,66
153,154
154,33
155,91
156,124
157,127
158,181
159,168
160,112
161,27
162,15
163,43
164,135
165,57
166,101
167,122
168,21
169,19
170,42
171,72
172,64
173,98
174,17
175,190
176,155
177,58
178,121
179,50
180,113
181,41
182,67
183,107
184,37
185,103
186,90
187,54
188,168
189,85
190,148
191,61
192,122
193,185
194,112
195,39
196,69
197,184
198,127
199,147
200,53
201,112
202,164
203,176
204,108
205,86
206,14
207,76
208,97
209,123
210,52
211,127
212,153
213,115
214,123
215,156
216,123
217,26
218,190
219,37
220,3
221,75
222,40
223,112
224,49
225,73
226,64
227,50
228,26
229,96
230,80
231,5
232,42
233,5
234,7
235,5
236,21
237,52
238,9
239,21
240,14
241,31
242,38
243,40
244,45
245,20
246,74
247,29
248,37
249,23
250,55
251,13
252,48
253,15
254,28
255,10
256,74
257,3
258,33
259,13
260,30
261,76
262,227
263,72
264,88
265,63
266,13
267,56
268,3
269,5
270,24
271,25
272,68
273,161
274,145
275,115
276,182
277,59
278,131
279,125
280,2
281,61
282,32
283,31
284,161
285,74
286,4
287,47
288,161
289,26
290,58
291,2
292,161
293,161
294,196
295,48
296,37
297,161
298,169
299,202
300,220
301,8
302,161
303,161
304,17
305,153
306,148
307,102
308,161
309,161
310,161
311,91
312,64
313,163
314,213
315,105
316,17
317,145
318,161
319,110
320,161
321,266
322,122
323,173
324,83
325,49
326,103
327,276
328,81
329,101
330,158
331,161
332,161
333,161
334,94
335,11
336,96
337,44
338,106
339,36
340,50
341,213
342,11
343,121
344,9
345,26
346,29
347,15
348,49
349,23
350,47
351,39
352,22
353,26
354,35
355,35
356,31
357,60
358,118
359,42
360,89
361,70
362,30
363,24
364,41
365,45
366,41
367,17
368,66
369,74
370,54
371,66
372,67
373,67
374,48
375,43
376,35
377,33
378,27
379,39
380,5
381,120
382,79
383,86
384,1
385,98
386,180
387,135
388,34
389,24
390,16
391,17
392,111
393,69
394,94
395,61
396,114
397,51
398,32
399,87
400,53
401,180
402,74
403,196
404,106
405,12
406,16
407,93
408,162
409,79
410,65
411,100
412,43
413,1
414,27
415,52
416,40
417,181
418,49
419,100
420,53
421,18
422,36
423,86
424,166
425,89
426,31
427,124
428,154
429,117
430,74
431,13
432,128
433,31
434,20
435,74
436,15
437,87
438,64
439,14
440,3
441,34
442,132
443,153
444,44
445,85
446,19
447,31
448,20
449,20
450,41
451,72
452,75
453,38
454,203
455,16
456,55
457,184
458,58
459,213
460,26
461,216
462,152
463,104
464,246
465,100
466,127
467,334
468,54
469,35
470,169
471,62
472,244
473,163
474,6
475,219
476,147
477,234
478,108
479,199
480,195
481,180
482,111
483,59
484,130
485,125
486,157
487,149
488,112
489,113
490,123
491,89
492,201
493,235
494,172
495,58
496,54
497,44
498,111
499,184
500,168
501,85
502,44
503,132
504,216
505,357
506,42
507,212
508,200
509,249
510,31
511,218
512,243
513,165
514,55
515,26
516,123
517,59
518,183
519,54
520,75
521,35
522,116
523,229
524,161
525,113
526,164
527,55
528,80
529,81
530,24
531,69
532,123
533,200
534,20
535,85
536,86
537,85
538,142
539,58
540,230
541,65
542,78
543,194
544,106
545,185
546,111
547,141
548,153
549,54
550,124
551,14
552,140
553,12
554,173
555,27
556,141
557,143
558,43
559,143
560,180
561,46
562,93
563,135
564,207
565,40
566,172
567,165
568,274
569,168
570,196
571,106
572,40
573,133
574,122
575,118
576,25
577,186
578,228
579,7
580,272
581,362
582,202
583,150
584,158
585,200
586,36
587,115
588,226
589,158
590,195
591,7
592,92
593,80
594,83
595,35
596,8
597,35
598,144
599,42
600,50
601,125
602,80
603,60
604,136
605,28
606,129
607,46
608,88
609,141
610,125
611,59
612,161
613,46
614,129
615,68
616,186
617,126
618,71
619,36
620,54
621,28
622,125
623,181
624,37
625,36
626,79
627,49
628,167
629,45
630,94
631,39
632,34
633,140
634,31
635,38
636,256
637,130
638,148
639,87
640,79
641,66
642,127
643,103
644,101
645,81
646,150
647,47
648,105
649,99
650,103
651,9
652,153
653,65
654,117
655,106
656,135
657,116
658,75
659,108
660,115
661,120
662,1
663,119
664,110
665,89
666,33
667,86
668,191
669,137
670,76
671,72
672,107
673,183
674,97
675,93
676,75
677,124
678,90
679,99
680,125
681,86
682,109
683,93
684,25
685,75
686,142
687,95
688,118
689,70
690,5
691,107
692,91
693,118
694,70
695,70
696,70
697,132
698,106
699,144
700,75
701,127
702,110
703,173
704,113
705,89
706,92
707,93
708,122
709,122
710,160
711,31
712,41
713,141
714,102
715,172
716,27
717,93
718,9
719,60
720,7
721,133
722,12
723,43
724,19
725,31
726,87
727,52
728,29
729,42
730,54
731,99
732,41
733,56
734,167
735,38
736,45
737,10
738,50
739,67
740,6
741,102
742,9
743,76
744,21
745,13
746,103
747,86
748,1
749,18
750,42
751,37
752,50
753,52
754,102
755,36
756,106
757,32
758,52
759,63
760,27
761,13
762,74
763,35
764,30
765,45
766,78
767,64
768,77
769,91
770,43
771,202
772,44
773,174
774,118
775,39
776,114
777,87
778,11
779,60
780,55
781,51
782,167
783,36
784,63
785,65
786,56
787,65
788,20
789,56
790,67
791,66
792,135
793,41
794,120
795,21
796,122
797,100
798,184
799,251
800,148
801,52
802,71
803,140
804,55
805,43
806,97
807,54
808,24
809,33
810,79
811,115
812,57
813,141
814,20
815,161
816,25
817,118
818,17
819,34
820,39
821,176
822,26
823,117
824,38
825,133
826,42
827,68
828,118
829,21
830,63
831,37
832,48
833,71
834,68
835,40
836,69
837,37
838,97
839,123
840,70
841,93
842,47
843,8
844,87
845,65
846,65
847,10
848,52
849,74
850,85
851,107
852,53
853,37
854,50
855,79
856,64
857,199
858,48
859,16
860,74
861,24
862,10
863,56
864,194
865,73
866,54
867,78
868,57
869,73
870,189
871,85
872,24
873,65
874,73
875,100
876,42
877,35
878,18
879,31
880,82
881,27
882,67
883,20
884,111
885,12
886,39
887,52
888,16
889,22
890,89
891,22
892,176
893,90
894,45
895,76
896,143
897,81
898,21
899,12
900,64
901,48
902,70
903,170
904,38
905,7
906,46
907,105
908,14
909,38
910,54
911,49
912,52
913,75
914,13
915,29
916,40
917,61
918,45
919,196
920,97
921,84
922,65
923,14
924,39
925,73
926,123
927,66
928,34
929,19
930,62
931,4
932,25
933,9
934,65
935,48
936,129
937,12
938,16
939,141
940,11
941,146
942,6
943,33
944,52
945,17
946,1
947,25
948,5
949,43
950,10
951,50
952,13
953,20
954,61
955,55
956,38
957,81
958,7
959,21
960,100
961,25
962,19
963,35
964,16
965,49
966,25
967,19
968,13
969,2
970,17
971,3
972,32
973,51
974,67
975,27
976,17
977,131
978,45
979,57
980,32
981,112
982,73
983,62
984,57
985,47
986,89
987,131
988,39
989,74
990,76
991,33
992,49
993,116
994,44
995,8
996,43
997,58
998,80
999,61
1000,62
1001,49
1002,41
1003,8
1004,22
1005,8
1006,59
1007,17
1008,28
1009,48
1010,67
1011,49
1012,56
1013,78
1014,13
1015,33
1016,32
1017,9
1018,57
1019,42
1020,39
1021,40
1022,57
1023,9
1024,86
1025,34
1026,19
1027,45
1028,28
1029,42
1030,4
1031,33
1032,15
1033,31
1034,25
1035,13
1036,77
1037,1
1038,19
1039,16
1040,3
1041,16
1042,6
1043,6
1044,25
1045,23
1046,3
1047,17
1048,7
1049,3
1050,138
1051,20
1052,7
1053,17
1054,34
1055,18
1056,27
1057,46
1058,22
1059,27
1060,58
1061,32
1062,3
1063,55
1064,36
1065,69
1066,25
1067,97
1068,85
1069,77
1070,17
1071,68
1072,75
1073,82
1074,73
1075,3
1076,46
1077,22
1078,13
1079,9
1080,42
1081,17
1082,4
1083,30
1084,27
1085,2
1086,80
1087,19
1088,2
1089,30
1090,38
1091,27
1092,22
1093,67
1094,14
1095,18
1096,25
1097,16
1098,133
1099,51
1100,25
1101,59
1102,12
1103,13
1104,36
1105,23
1106,77
1107,141
1108,28
1109,124
1110,238
1111,115
1112,138
1113,78
1114,162
1115,11
1116,139
1117,95
1118,48
1119,47
1120,19
1121,10
1122,10
1123,14
1124,83
1125,8
1126,13
1127,14
1128,49
1129,30
1130,74
1131,29
1132,60
1133,31
1134,42
1135,79
1136,66
1137,63
1138,157
1139,23
1140,103
1141,28
1142,94
1143,110
1144,50
1145,113
1146,74
1147,62
1148,16
1149,19
1150,25
1151,71
1152,17
1153,39
1154,94
1155,16
1156,48
1157,153
1158,29
1159,23
1160,170
1161,54
1162,52
1163,28
1164,14
1165,48
1166,165
1167,143
1168,118
1169,106
1170,35
1171,23
1172,26
1173,19
1174,58
1175,79
1176,89
1177,83
1178,54
1179,29
1180,194
1181,12
1182,74
1183,4
1184,51
1185,34
1186,52
1187,39
1188,64
1189,71
1190,36
1191,44
1192,95
1193,104
1194,16
1195,34
1196,72
1197,152
1198,20
1199,25
1200,90
1201,1
1202,82
1203,3
1204,19
1205,4
1206,22
1207,83
1208,14
1209,144
1210,34
1211,50
1212,96
1213,87
1214,88
1215,26
1216,70
1217,19
1218,78
1219,49
1220,15
1221,61
1222,100
1223,64
1224,120
1225,177
1226,80
1227,120
1228,83
1229,112
1230,120
1231,18
1232,128
1233,69
1234,130
1235,12
1236,69
1237,23
1238,80
1239,138
1240,122
1241,73
1242,107
1243,107
1244,119
1245,71
1246,88
1247,17
1248,105
1249,46
1250,8
1251,10
1252,6
1253,109
1254,53
1255,11
1256,147
1257,89
1258,2
1259,62
1260,128
1261,21
1262,24
1263,9
1264,13
1265,46
1266,24
1267,50
1268,16
1269,21
1270,18
1271,40
1272,19
1273,78
1274,25
1275,18
1276,40
1277,16
1278,32
1279,27
1280,14
1281,17
1282,43
1283,24
1284,46
1285,55
1286,8
1287,34
1288,1
1289,11
1290,22
1291,42
1292,24
1293,26
1294,78
1295,38
1296,67
1297,67
1298,55
1299,75
1300,53
1301,87
1302,146
1303,42
1304,25
1305,106
1306,26
1307,62
1308,15
1309,32
1310,41
1311,19
1312,16
1313,18
1314,146
1315,113
1316,111
1317,25
1318,16
1319,28
1320,29
1321,51
1322,54
1323,121
1324,21
1325,25
1326,61
1327,51
1328,34
1329,41
1330,6
1331,54
1332,43
1333,11
1334,71
1335,30
1336,17
1337,20
1338,26
1339,17
1340,129
1341,59
1342,22
1343,88
1344,3
1345,40
1346,21
1347,15
1348,39
1349,22
1350,16
1351,24
1352,49
1353,64
1354,22
1355,46
1356,74
1357,9
1358,42
1359,34
1360,35
1361,55
1362,29
1363,10
1364,87
1365,48
1366,38
1367,5
1368,90
1369,85
1370,63
1371,169
1372,31
1373,26
1374,28
1375,5
1376,52
1377,164
1378,15
1379,46
1380,19
1381,119
1382,30
1383,119
1384,46
1385,22
1386,46
1387,71
1388,2
1389,51
1390,73
1391,40
1392,18
1393,26
1394,3
1395,33
1396,50
1397,50
1398,48
1399,16
1400,41
1401,7
1402,62
1403,22
1404,115
1405,14
1406,8
1407,10
1408,4
1409,27
1410,68
1411,7
1412,23
1413,39
1414,37
1415,13
1416,25
1417,15
1418,52
1419,75
1420,64
1421,59
1422,95
1423,45
1424,113
1425,100
1426,134
1427,45
1428,148
1429,1
1430,53
1431,59
1432,34
1433,30
1434,191
1435,10
1436,36
1437,19
1438,25
1439,25
1440,46
1441,86
1442,67
1443,87
1444,54
1445,72
1446,22
1447,55
1448,86
1449,45
1450,50
1451,42
1452,42
1453,10
1454,52
1455,43
1456,122
1457,76
1458,54
1459,17
1460,72
1461,117
1462,11
1463,10
1464,44
1465,14
1466,64
1467,10
1468,21
1469,21
1470,11
1471,30
1472,35
1473,7
1474,43
1475,9
1476,31
1477,26
1478,18
1479,11
1480,10
1481,55
1482,5
1483,19
1484,42
1485,17
1486,1
1487,56
1488,64
1489,62
1490,113
1491,9
1492,80
1493,11
1494,16
1495,137
1496,56
1497,3
1498,34
1499,69
1500,33
1501,48
1502,19
1503,36
1504,27
1505,39
1506,29
1507,5
1508,76
1509,24
1510,11
1511,17
1512,11
1513,14
1514,1
1515,10
1516,70
1517,18
1518,64
1519,12
1520,14
1521,64
1522,9
1523,30
1524,119
1525,27
1526,18
1527,12
1528,49
1529,24
1530,10
1531,68
1532,27
1533,26
1534,20
1535,36
1536,6
1537,42
1538,42
1539,21
1540,24
1541,13
1542,34
1543,26
1544,27
1545,31
1546,13
1547,76
1548,70
1549,26
1550,7
1551,78
1552,52
1553,86
1554,26
1555,26
1556,68
1557,20
1558,34
1559,35
1560,16
1561,30
1562,17
1563,57
1564,31
1565,85
1566,34
1567,30
1568,112
1569,74
1570,59
1571,26
1572,68
1573,4
1574,66
1575,24
1576,19
1577,14
1578,11
1579,88
1580,78
1581,3
1582,28
1583,1
1584,96
1585,8
1586,87
1587,4
1588,29
1589,27
1590,3
1591,14
1592,13
1593,27
1594,136
1595,18
1596,45
1597,58
1598,8
1599,26
1600,37
1601,29
1602,76
1603,12
1604,36
1605,87
1606,8
1607,12
1608,34
1609,57
1610,36
1611,41
1612,20
1613,7
1614,65
1615,42
1616,39
1617,23
1618,45
1619,36
1620,42
1621,38
1622,59
1623,85
1624,102
1625,34
1626,125
1627,20
1628,81
1629,6
1630,17
1631,32
1632,26
1633,21
1634,50
1635,20
1636,55
1637,27
1638,9
1639,41
1640,65
1641,27
1642,84
1643,16
1644,52
1645,41
1646,67
1647,6
1648,25
1649,50
1650,49
1651,6
1652,45
1653,11
1654,62
1655,25
1656,51
1657,53
1658,18
1659,49
1660,27
1661,47
1662,31
1663,46
1664,55
1665,35
1666,10
1667,40
1668,53
1669,3
1670,70
1671,43
1672,15
1673,110
1674,47
1675,154
1676,136
1677,11
1678,79
1679,136
1680,46
1681,18
1682,33
1683,29
1684,15
1685,48
1686,93
1687,29
1688,103
1689,159
1690,12
1691,27
1692,37
1693,36
1694,45
1695,11
1696,17
1697,14
1698,17
1699,57
1700,131
1701,33
1702,28
1703,28
1704,28
1705,4
1706,7
1707,34
1708,22
1709,42
1710,10
1711,6
1712,16
1713,1
1714,26
1715,78
1716,35
1717,104
1718,32
1719,7
1720,6
1721,29
1722,29
1723,5
1724,44
1725,27
1726,6
1727,31
1728,6
1729,50
1730,14
1731,16
1732,148
1733,76
1734,16
1735,19
1736,44
1737,34
1738,59
1739,16
1740,47
1741,81
1742,15
1743,29
1744,36
1745,19
1746,44
1747,75
1748,4
1749,11
1750,54
1751,11
1752,31
1753,81
1754,28
1755,21
1756,31
1757,12
1758,8
1759,75
1760,47
1761,25
1762,46
1763,86
1764,97
1765,25
1766,73
1767,22
1768,1
1769,3
1770,12
1771,112
1772,38
1773,122
1774,47
1775,45
1776,44
1777,39
1778,7
1779,69
1780,10
1781,12
1782,41
1783,82
1784,49
1785,18
1786,52
1787,87
1788,21
1789,5
1790,60
1791,26
1792,13
1793,28
1794,13
1795,9
1796,7
1797,13
1798,58
1799,4
1800,13
1801,3
1802,37
1803,53
1804,3
1805,35
1806,1
1807,29
1808,34
1809,21
1810,14
1811,45
1812,6
1813,13
1814,49
1815,3
1816,50
1817,20
1818,5
1819,53
1820,2
1821,87
1822,34
1823,59
1824,21
1825,87
1826,46
1827,11
1828,16
1829,49
1830,29
1831,13
1832,34
1833,5
1834,16
1835,4
1836,5
1837,110
1838,28
1839,15
1840,15
1841,22
1842,45
1843,53
1844,20
1845,72
1846,83
1847,72
1848,69
1849,14
1850,25
1851,10
1852,11
1853,46
1854,84
1855,102
1856,25
1857,39
1858,12
1859,19
1860,11
1861,1
1862,63
1863,36
1864,116
1865,118
1866,65
1867,42
1868,118
1869,159
1870,35
1871,37
1872,51
1873,103
1874,73
1875,34
1876,105
1877,23
1878,53
1879,76
1880,97
1881,112
1882,92
1883,32
1884,24
1885,99
1886,37
1887,58
1888,59
1889,80
1890,32
1891,119
1892,91
1893,98
1894,145
1895,43
1896,95
1897,34
1898,16
1899,55
1900,38
1901,56
1902,54
1903,13
1904,92
1905,48
1906,28
1907,103
1908,10
1909,10
1910,8
1911,49
1912,25
1913,38
1914,15
1915,18
1916,4
1917,45
1918,26
1919,13
1920,130
1921,40
1922,9
1923,13
1924,10
1925,63
1926,67
1927,190
1928,67
1929,13
1930,46
1931,51
1932,76
1933,106
1934,106
1935,37
1936,31
1937,67
1938,43
1939,25
1940,170
1941,1
1942,3
1943,81
1944,90
1945,53
1946,54
1947,58
1948,47
1949,35
1950,11
1951,28
1952,19
1953,8
1954,17
1955,26
1956,68
1957,9
1958,34
1959,47
1960,10
1961,14
1962,11
1963,22
1964,18
1965,44
1966,5
1967,7
1968,2
1969,17
1970,56
1971,66
1972,74
1973,115
1974,15
1975,58
1976,21
1977,42
1978,107
1979,79
1980,4
1981,6
1982,6
1983,7
1984,7
1985,16
1986,33
1987,60
1988,1
1989,14
1990,23
1991,10
1992,7
1993,16
1994,48
1995,20
1996,59
1997,9
1998,66
1999,14
2000,48
2001,37
2002,19
2003,20
2004,11
2005,4
2006,51
2007,79
2008,1
2009,20
2010,34
2011,90
2012,70
2013,32
2014,33
2015,96
2016,34
2017,34
2018,5
2019,41
2020,28
2021,6
2022,2
2023,15
2024,18
2025,13
2026,31
2027,12
2028,32
2029,23
2030,21
2031,15
2032,11
2033,41
2034,5
2035,2
2036,11
2037,8
2038,26
2039,34
2040,60
2041,33
2042,22
2043,3
2044,36
2045,11
2046,104
2047,56
2048,77
2049,56
2050,91
2051,15
2052,62
2053,15
2054,55
2055,1
2056,41
2057,16
2058,11
2059,2
2060,18
2061,5
2062,11
2063,24
2064,12
2065,11
2066,4
2067,2
2068,15
2069,1
2070,10
2071,4
2072,10
2073,69
2074,13
2075,63
2076,29
2077,2
2078,66
2079,5
2080,54
2081,66
2082,141
2083,29
2084,32
2085,73
2086,73
2087,24
2088,87
2089,9
2090,11
2091,18
2092,26
2093,13
2094,69
2095,42
2096,42
2097,6
2098,24
2099,4
2100,25
2101,6
2102,4
2103,4
2104,4
2105,13
2106,5
2107,6
2108,14
2109,6
2110,13
2111,4
2112,4
2113,25
2114,17
2115,4
2116,4
2117,4
2118,6
2119,6
2120,1
2121,36
2122,28
2123,39
2124,49
2125,41
2126,34
2127,1
2128,4
2129,49
2130,16
2131,92
2132,67
2133,28
2134,34
2135,70
2136,42
2137,94
2138,27
2139,94
2140,105
2141,33
2142,27
2143,24
2144,35
2145,16
2146,9
2147,29
2148,98
2149,27
2150,7
2151,17
2152,12
2153,43
2154,35
2155,4
2156,79
2157,18
2158,5
2159,4
2160,17
2161,28
2162,14
2163,71
2164,72
2165,71
2166,40
2167,22
2168,21
2169,2
2170,14
2171,10
2172,1
2173,3
2174,22
2175,30
2176,48
2177,3
2178,14
2179,11
2180,12
2181,74
2182,33
2183,27
2184,33
2185,13
2186,1
2187,4
2188,16
2189,13
2190,5
2191,40
2192,17
2193,5
2194,7
2195,8
2196,3
2197,11
2198,19
2199,29
2200,7
2201,13
2202,87
2203,49
2204,34
2205,42
2206,31
2207,59
2208,25
2209,3
2210,29
2211,13
2212,8
2213,9
2214,39
2215,8
2216,36
2217,20
2218,29
2219,20
2220,31
2221,58
2222,63
2223,17
2224,5
2225,9
2226,3
2227,6
2228,21
2229,12
2230,15
2231,33
2232,21
2233,53
2234,24
2235,71
2236,21
2237,8
2238,104
2239,77
2240,3
2241,25
2242,17
2243,8
2244,4
2245,71
2246,42
2247,76
2248,14
2249,57
2250,20
2251,30
2252,15
2253,50
2254,52
2255,35
2256,13
2257,149
2258,141
2259,10
2260,10
2261,39
2262,44
2263,40
2264,2
2265,19
2266,5
2267,12
2268,16
2269,29
2270,13
2271,15
2272,48
2273,47
2274,14
2275,50
2276,4
2277,4
2278,9
2279,78
2280,20
2281,22
2282,20
2283,56
2284,26
2285,28
2286,109
2287,25
2288,38
2289,38
2290,16
2291,10
2292,110
2293,25
2294,63
2295,19
2296,13
2297,59
2298,9
2299,3
2300,117
2301,39
2302,83
2303,19
2304,107
2305,51
2306,71
2307,15
2308,102
2309,23
2310,42
2311,2
2312,83
2313,45
2314,79
2315,61
2316,114
2317,72
2318,49
2319,95
2320,64
2321,48
2322,75
2323,15
2324,22
2325,12
2326,4
2327,31
2328,9
2329,8
2330,12
2331,35
2332,16
2333,3
2334,9
2335,34
2336,35
2337,25
2338,40
2339,12
2340,37
2341,26
2342,35
2343,27
2344,2
2345,27
2346,2
2347,2
2348,29
2349,13
2350,39
2351,21
2352,40
2353,31
2354,22
2355,47
2356,7
2357,9
2358,61
2359,5
2360,27
2361,46
2362,6
2363,7
2364,10
2365,52
2366,33
2367,48
2368,18
2369,15
2370,59
2371,63
2372,22
2373,1
2374,11
2375,9
2376,20
2377,3
2378,19
2379,15
2380,3
2381,27
2382,2
2383,3
2384,13
2385,7
2386,12
2387,11
2388,3
2389,7
2390,8
2391,2
2392,71
2393,2
2394,11
2395,67
2396,14
2397,77
2398,41
2399,16
2400,20
2401,21
2402,6
2403,36
2404,22
2405,3
2406,17
2407,19
2408,1
2409,6
2410,38
2411,11
2412,10
2413,2
2414,12
2415,5
2416,16
2417,23
2418,51
2419,4
2420,9
2421,8
2422,2
2423,38
2424,18
2425,38
2426,2
2427,4
2428,15
2429,31
2430,18
2431,2
2432,13
2433,14
2434,19
2435,37
2436,1
2437,2
2438,7
2439,12
2440,46
2441,6
2442,14
2443,4
2444,11
2445,22
2446,2
2447,24
2448,1
2449,47
2450,6
2451,70
2452,1
2453,12
2454,8
2455,15
2456,23
2457,24
2458,80
2459,23
2460,8
2461,29
2462,92
2463,38
2464,16
2465,25
2466,58
2467,9
2468,56
2469,24
2470,52
2471,43
2472,19
2473,29
2474,55
2475,36
2476,56
2477,35
2478,16
2479,17
2480,35
2481,7
2482,54
2483,13
2484,37
2485,28
2486,2
2487,12
2488,10
2489,11
2490,23
2491,3
2492,10
2493,18
2494,14
2495,7
2496,15
2497,15
2498,12
2499,5
2500,2
2501,18
2502,7
2503,1
2504,3
2505,2
2506,24
2507,14
2508,4
2509,14
2510,8
2511,32
2512,16
2513,21
2514,26
2515,34
2516,14
2517,45
2518,8
2519,3
2520,2
2521,49
2522,2
2523,7
2524,9
2525,7
2526,15
2527,32
2528,22
2529,4
2530,18
2531,34
2532,5
2533,20
2534,5
2535,15
2536,5
2537,16
2538,9
2539,40
2540,21
2541,12
2542,15
2543,15
2544,17
2545,8
2546,24
2547,48
2548,8
2549,10
2550,12
2551,45
2552,18
2553,2
2554,7
2555,10
2556,14
2557,14
2558,10
2559,14
2560,8
2561,5
2562,5
2563,2
2564,3
2565,17
2566,11
2567,13
2568,37
2569,27
2570,15
2571,1
2572,46
2573,11
2574,4
2575,46
2576,10
2577,5
2578,11
2579,8
2580,16
2581,8
2582,26
2583,10
2584,12
2585,9
2586,7
2587,9
2588,17
2589,53
2590,42
2591,4
2592,35
2593,18
2594,2
2595,5
2596,4
2597,2
2598,16
2599,12
2600,27
2601,10
2602,7
2603,16
2604,25
2605,25
2606,32
2607,14
2608,19
2609,16
2610,19
2611,21
2612,20
2613,16
2614,20
2615,49
2616,7
2617,21
2618,8
2619,2
2620,7
2621,4
2622,15
2623,21
2624,18
2625,26
2626,1
2627,5
2628,26
2629,27
2630,4
2631,7
2632,48
2633,18
2634,16
2635,12
2636,29
2637,47
2638,20
2639,3
2640,28
2641,7
2642,19
2643,29
2644,13
2645,14
2646,13
2647,28
2648,3
2649,5
2650,25
2651,23
2652,14
2653,3
2654,38
2655,34
2656,11
2657,11
2658,25
2659,11
2660,5
2661,32
2662,5
2663,10
2664,8
2665,2
2666,1
2667,2
2668,9
2669,21
2670,17
2671,47
2672,17
2673,21
2674,24
2675,2
2676,12
2677,4
2678,7
2679,7
2680,14
2681,13
2682,6
2683,22
2684,18
2685,20
2686,12
2687,23
2688,4
2689,10
2690,3
2691,1
2692,8
2693,3
2694,4
2695,7
2696,8
2697,9
2698,1
2699,9
2700,9
2701,18
2702,1
2703,12
2704,35
2705,9
2706,17
2707,25
2708,27
2709,27
2710,16
2711,27
2712,44
2713,12
2714,3
2715,22
2716,6
2717,4
2718,5
2719,20
2720,16
2721,3
2722,17
2723,20
2724,11
2725,43
2726,7
2727,23
2728,23
2729,5
2730,16
2731,4
2732,15
2733,6
2734,14
2735,8
2736,7
2737,4
2738,26
2739,7
2740,3
2741,6
2742,22
2743,33
2744,20
2745,35
2746,18
2747,11
2748,36
2749,6
2750,6
2751,22
2752,20
2753,3
2754,2
2755,8
2756,1
2757,5
2758,18
2759,2
2760,11
2761,18
2762,19
2763,36
2764,9
2765,9
2766,4
2767,13
2768,13
2769,24
2770,14
2771,10
2772,17
2773,44
2774,18
2775,3
2776,4
2777,2
2778,1
2779,9
2780,34
2781,9
2782,12
2783,12
2784,12
2785,12
2786,11
2787,10
2788,13
2789,19
2790,28
2791,8
2792,12
2793,4
2794,3
2795,3
2796,8
2797,11
2798,6
2799,1
2800,20
2801,16
2802,14
2803,8
2804,42
2805,18
2806,21
2807,6
2808,6
2809,7
2810,26
2811,35
2812,18
2813,7
2814,6
2815,15
2816,15
2817,33
2818,38
2819,41
2820,20
2821,25
2822,12
2823,24
2824,21
2825,22
2826,21
2827,18
2828,10
2829,9
2830,13
2831,40
2832,22
2833,2
2834,2
2835,2
2836,19
2837,10
2838,8
2839,12
2840,18
2841,11
2842,16
2843,22
2844,23
2845,4
2846,4
2847,13
2848,9
2849,1
2850,10
2851,11
2852,20
2853,17
2854,12
2855,2
2856,3
2857,1
2858,12
2859,24
2860,3
2861,10
2862,13
2863,37
2864,26
2865,7
2866,6
2867,10
2868,5
2869,5
2870,2
2871,3
2872,2
2873,18
2874,7
2875,18
2876,2
2877,26
2878,45
2879,13
2880,9
2881,17
2882,11
2883,3
2884,29
2885,29
2886,8
2887,27
2888,8
2889,35
2890,22
2891,2
2892,12
2893,7
2894,6
2895,6
2896,2
2897,5
2898,2
2899,6
2900,3
2901,16
2902,19
2903,38
2904,37
2905,37
2906,5
2907,2
2908,2
2909,15
2910,19
2911,49
2912,5
2913,6
2914,14
2915,6
2916,2
2917,10
2918,2
2919,3
2920,2
2921,23
2922,23
2923,17
2924,2
2925,5
2926,44
2927,12
2928,7
2929,25
2930,3
2931,50
2932,16
2933,17
2934,6
2935,55
2936,56
2937,64
2938,36
2939,30
2940,9
2941,5
2942,2
2943,3
2944,27
2945,25
2946,3
2947,6
2948,18
2949,21
2950,5
2951,17
2952,59
2953,3
2954,2
2955,6
2956,4
2957,43
2958,5
2959,21
2960,15
2961,8
2962,1
2963,8
2964,8
2965,8
2966,6
2967,5
2968,5
2969,16
2970,1
2971,7
2972,34
2973,8
2974,17
2975,8
2976,13
2977,8
2978,10
2979,14
2980,19
2981,3
2982,9
2983,1
2984,23
2985,26
2986,2
2987,25
2988,11
2989,26
2990,15
2991,44
2992,12
2993,6
2994,16
2995,3
2996,8
2997,4
2998,3
2999,1
3000,13
3001,1
3002,21
3003,3
3004,17
3005,2
3006,31
3007,33
3008,7
3009,7
3010,12
3011,4
3012,8
3013,11
3014,11
3015,12
3016,29
3017,24
3018,14
3019,2
3020,8
3021,8
3022,9
3023,8
3024,22
3025,4
3026,12
3027,14
3028,12
3029,11
3030,12
3031,3
3032,4
3033,5
3034,2
3035,22
3036,8
3037,7
3038,8
3039,17
3040,5
3041,6
3042,10
3043,1
3044,26
3045,10
3046,8
3047,38
3048,2
3049,11
3050,9
3051,9
3052,17
3053,9
3054,6
3055,14
3056,5
3057,10
3058,9
3059,23
3060,7
3061,1
3062,9
3063,4
3064,3
3065,10
3066,4
3067,14
3068,9
3069,23
3070,8
3071,2
3072,2
3073,26
3074,16
3075,8
3076,8
3077,5
3078,3
3079,8
3080,1
3081,4
3082,12
3083,5
3084,21
3085,11
3086,12
3087,16
3088,12
3089,20
3090,3
3091,31
3092,1
3093,1
3094,1
3095,13
3096,9
3097,7
3098,31
3099,22
3100,3
3101,2
3102,28
3103,15
3104,18
3105,18
3106,18
3107,20
3108,18
3109,20
3110,20
3111,20
3112,20
3113,22
3114,38
3115,18
3116,22
3117,18
3118,18
3119,20
3120,8
3121,3
3122,5
3123,10
3124,1
3125,21
3126,13
3127,5
3128,30
3129,7
3130,11
3131,3
3132,16
3133,4
3134,11
3135,4
3136,8
3137,3
3138,1
3139,25
3140,9
3141,15
3142,8
3143,6
3144,6
3145,1
3146,4
3147,11
3148,25
3149,15
3150,6
3151,3
3152,2
3153,5
3154,5
3155,17
3156,2
3157,4
3158,10
3159,26
3160,4
3161,4
3162,24
3163,17
3164,6
3165,26
3166,1
3167,18
3168,24
3169,6
3170,2
3171,16
3172,13
3173,18
3174,16
3175,5
3176,17
3177,25
3178,11
3179,6
3180,5
3181,10
3182,7
3183,1
3184,8
3185,3
3186,10
3187,8
3188,7
3189,4
3190,2
3191,1
3192,3
3193,7
3194,7
3195,8
3196,12
3197,17
3198,5
3199,2
3200,3
3201,6
3202,9
3203,13
3204,3
3205,6
3206,31
3207,7
3208,15
3209,15
3210,35
3211,17
3212,3
3213,1
3214,2
3215,9
3216,6
3217,1
3218,15
3219,4
3220,6
3221,12
3222,20
3223,8
3224,3
3225,9
3226,4
3227,1
3228,10
3229,19
3230,15
3231,4
3232,2
3233,4
3234,16
3235,12
3236,57
3237,1
3238,1
3239,20
3240,8
3241,6
3242,11
3243,2
3244,1
3245,3
3246,1
3247,5
3248,8
3249,5
3250,7
3251,19
3252,25
3253,1
3254,13
3255,2
3256,8
3257,12
3258,5
3259,1
3260,8
3261,64
3262,10
3263,9
3264,5
3265,7
3266,21
3267,12
3268,16
3269,14
3270,7
3271,4
3272,3
3273,1
3274,7
3275,2
3276,14
3277,35
3278,3
3279,1
3280,2
3281,15
3282,1
3283,23
3284,3
3285,2
3286,5
3287,8
3288,8
3289,2
3290,5
3291,23
3292,15
3293,22
3294,6
3295,3
3296,16
3297,3
3298,2
3299,8
3300,5
3301,7
3302,5
3303,1
3304,10
3305,5
3306,7
3307,5
3308,5
3309,15
3310,4
3311,12
3312,16
3313,1
3314,5
3315,14
3316,20
3317,10
3318,4
3319,14
3320,5
3321,2
3322,2
3323,4
3324,1
3325,8
3326,10
3327,7
3328,11
3329,13
3330,3
3331,2
3332,22
3333,6
3334,1
3335,7
3336,7
3337,3
3338,4
3339,15
3340,1
3341,3
3342,5
3343,5
3344,8
3345,2
3346,4
3347,4
3348,23
3349,6
3350,6
3351,9
3352,6
3353,4
3354,4
3355,18
3356,28
3357,8
3358,4
3359,21
3360,7
3361,7
3362,8
3363,7
3364,5
3365,7
3366,14
3367,1
3368,2
3369,1
3370,3
3371,14
3372,10
3373,3
3374,6
3375,10
3376,2
3377,8
3378,5
3379,9
3380,1
3381,1
3382,1
3383,1
3384,8
3385,1
3386,10
3387,4
3388,8
3389,14
3390,13
3391,4
3392,7
3393,5
3394,8
3395,6
3396,11
3397,4
3398,3
3399,6
3400,8
3401,1
3402,8
3403,6
3404,4
3405,10
3406,6
3407,2
3408,5
3409,6
3410,7
3411,3
3412,5
3413,10
3414,2
3415,15
3416,6
3417,4
3418,1
3419,2
3420,2
3421,5
3422,10
3423,8
3424,2
3425,4
3426,2
3427,6
3428,1
3429,5
3430,7
3431,8
3432,11
3433,14
3434,2
3435,1
3436,12
3437,13
3438,3
3439,6
3440,8
3441,4
3442,3
3443,1
3444,1
3445,3
3446,10
3447,2
3448,4
3449,1
3450,3
3451,5
3452,1
3453,18
3454,5
3455,3
3456,1
3457,8
3458,4
3459,4
3460,1
3461,6
3462,16
3463,1
3464,5
3465,4
3466,1
3467,6
3468,5
3469,18
3470,4
3471,1
3472,3
3473,4
3474,2
3475,4
3476,1
3477,29
3478,3
3479,5
3480,5
3481,2
3482,2
3483,4
3484,9
3485,1
3486,4
3487,3
3488,14
3489,14
3490,14
3491,14
3492,8
3493,14
3494,13
3495,11
3496,11
3497,2
3498,12
3499,1
3500,8
3501,9
3502,14
3503,24
3504,2
3505,1
3506,6
3507,1
3508,6
3509,4
3510,4
3511,5
3512,4
3513,1
3514,5
3515,4
3516,5
3517,1
3518,2
3519,1
3520,3
3521,1
3522,4
3523,11
3524,11
3525,7
3526,7
3527,38
3528,38
3529,30
3530,4
3531,1
3532,3
3533,4
3534,12
3535,9
3536,25
3537,2
3538,4
3539,1
3540,9
3541,4
3542,4
3543,1
3544,16
3545,1
3546,2
3547,1
3548,2
3549,4
3550,4
3551,6
3552,12
3553,11
3554,4
3555,7
3556,8
3557,1
3558,3
3559,5
3560,6
3561,4
3562,4
3563,2
3564,1
3565,1
3566,2
3567,15
3568,13
3569,11
3570,12
3571,14
3572,2
3573,1
3574,2
3575,3
3576,1
3577,9
3578,6
3579,7
3580,4
3581,5
3582,4
3583,6
3584,2
3585,1
3586,2
3587,10
3588,2
3589,16
3590,3
3591,1
3592,2
3593,4
3594,1
3595,1
3596,6
3597,5
3598,6
3599,6
3600,7
3601,1
3602,4
3603,2
3604,4
3605,2
3606,1
3607,2
3608,2
3609,6
3610,7
3611,3
3612,5
3613,4
3614,4
3615,4
3616,1
3617,1
3618,1
3619,1
3620,6
3621,2
3622,2
3623,1
3624,1
3625,2
3626,3
3627,2
3628,6
3629,3
3630,8
3631,6
3632,2
3633,2
3634,3
3635,1
3636,3
3637,3
3638,6
3639,1
3640,1
3641,1
3642,2
3643,4
3644,12
3645,6
3646,3
3647,4
3648,7
3649,1
3650,1
3651,1
3652,1
3653,5
3654,10
3655,1
3656,3
3657,1
3658,1
3659,5
3660,1
3661,5
3662,2
3663,1
3664,2
3665,1
3666,1
3667,2
3668,2
3669,4
3670,1
3671,4
3672,1
3673,1
3674,1
3675,5
3676,9
3677,2
3678,1
3679,1
3680,2
3681,1
3682,1
3683,2
3684,10
3685,2
3686,3
3687,2
3688,3
3689,1
3690,3
3691,8
3692,6
3693,4
3694,1
3695,9
3696,7
3697,10
3698,4
3699,4
3700,1
3701,1
3702,8
3703,1
3704,5
3705,2
3706,2
3707,11
3708,2
3709,2
3710,5
3711,2
3712,2
3713,9
3714,1
3715,5
3716,1
3717,1
3718,4
3719,9
3720,1
3721,1
3722,2
3723,13
3724,12
3725,12
3726,9
3727,1
3728,6
3729,3
3730,1
3731,1
3732,1
3733,5
3734,14
3735,6
3736,6
3737,2
3738,3
3739,1
3740,1
3741,4
3742,6
3743,7
3744,2
3745,14
3746,1
3747,1
3748,8
3749,1
3750,1
3751,8
3752,4
3753,1
3754,1
3755,1
3756,2
3757,2
3758,6
3759,1
3760,1
3761,5
3762,6
3763,2
3764,1
3765,2
3766,1
3767,1
3768,1
3769,4
3770,5
3771,2
3772,2
3773,2
3774,1
3775,1
3776,2
3777,2
3778,1
3779,3
3780,1
3781,2
3782,3
3783,1
3784,2
3785,5
3786,1
3787,7
3788,2
3789,5
3790,3
3791,13
3792,2
3793,3
3794,3
3795,4
3796,3
3797,2
3798,2
3799,1
3800,2
3801,3
3802,2
3803,1
3804,4
3805,3
3806,6
3807,1
3808,3
3809,2
3810,2
3811,6
3812,2
3813,3
3814,3
3815,5
3816,3
3817,4
3818,1
3819,2
3820,2
3821,4
3822,5
3823,3
3824,4
3825,3
3826,3
3827,1
3828,1
3829,4
3830,2
3831,1
3832,6
3833,5
3834,5
3835,1
3836,2
3837,3
3838,4
3839,1
3840,1
3841,3
3842,1
3843,2
3844,4
3845,3
3846,5
3847,5
3848,1
3849,1
3850,2
3851,6
3852,1
3853,1
3854,1
3855,3
3856,3
3857,3
3858,6
3859,1
3860,12
3861,3
3862,4
3863,2
3864,2
3865,2
3866,3
3867,1
3868,2
3869,3
3870,2
3871,1
3872,5
3873,1
3874,1
3875,1
3876,1
3877,1
3878,1
3879,2
3880,8
3881,4
3882,1
3883,3
3884,4
3885,1
3886,1
3887,5
3888,1
3889,8
3890,2
3891,8
3892,2
3893,1
3894,1
3895,3
3896,5
3897,3
3898,6
3899,1
3900,1
3901,2
3902,2
3903,3
3904,1
3905,3
3906,2
3907,1
3908,1
3909,3
3910,1
3911,2
3912,1
3913,2
3914,4
3915,2
3916,7
3917,3
3918,1
3919,1
3920,2
3921,1
3922,3
3923,1
3924,2
3925,1
3926,1
3927,2
3928,1
3929,4
3930,1
3931,1
3932,2
3933,1
3934,4
3935,7
3936,2
3937,2
3938,1
3939,2
3940,1
3941,1
3942,1
3943,1
3944,1
3945,2
3946,3
3947,1
3948,2
3949,1
3950,1
3951,1
3952,3
3953,3
3954,1
3955,1
3956,1
3957,1
3958,2
3959,3
3960,2
3961,3
3962,2
3963,1
3964,1
3965,1
3966,1
3967,1
3968,2
3969,1
3970,1
3971,1
3972,1
3973,1
3974,4
3975,1
3976,1
3977,1
3978,3
3979,1
3980,2
3981,2
3982,1
3983,1
3984,1
3985,2
3986,3
3987,1
3988,1
3989,2
3990,1
3991,1
3992,1
3993,1
3994,2
3995,1
3996,1
3997,1
3998,1
3999,2
4000,1
4001,1
4002,4
4003,1
4004,2
4005,1
4006,1
4007,1
4008,2
4009,1
4010,1
4011,1
4012,1
4013,4
4014,1
4015,1
4016,1
4017,1
4018,1
4019,1
4020,2
4021,1
4022,1
4023,1
4024,1
4025,2
4026,2
4027,2
4028,1
4029,1
4030,1
4031,1
4032,1
4033,1
4034,1
4035,1
4036,1
4037,2
4038,1
4039,1
