"BIO-HS-LC", 4227,39484,397,18.6818,452.526,0.107056,9.3409,
0,2
1,128
2,40
3,2
4,113
5,28
6,10
7,156
8,166
9,12
10,24
11,28
12,17
13,17
14,26
15,117
16,19
17,2
18,326
19,104
20,1
21,47
22,3
23,17
24,32
25,17
26,2
27,2
28,150
29,72
30,3
31,62
32,38
33,89
34,29
35,40
36,119
37,91
38,19
39,11
40,20
41,41
42,112
43,43
44,172
45,16
46,110
47,17
48,16
49,43
50,16
51,31
52,16
53,3
54,16
55,48
56,175
57,17
58,62
59,8
60,11
61,38
62,37
63,4
64,62
65,190
66,153
67,65
68,34
69,150
70,42
71,153
72,170
73,89
74,67
75,190
76,153
77,190
78,19
79,23
80,190
81,153
82,153
83,190
84,45
85,38
86,21
87,162
88,32
89,190
90,153
91,57
92,62
93,190
94,153
95,44
96,153
97,190
98,4
99,36
100,30
101,153
102,153
103,190
104,153
105,190
106,91
107,190
108,153
109,10
110,153
111,4
112,20
113,11
114,55
115,23
116,26
117,40
118,69
119,47
120,153
121,190
122,190
123,153
124,190
125,153
126,68
127,23
128,19
129,83
130,55
131,48
132,20
133,183
134,204
135,30
136,38
137,92
138,203
139,211
140,203
141,77
142,19
143,90
144,48
145,25
146,80
147,24
148,26
149,11
150,44
151,24
152,19
153,16
154,23
155,26
156,44
157,67
158,10
159,15
160,15
161,75
162,47
163,48
164,49
165,39
166,118
167,6
168,46
169,6
170,100
171,89
172,198
173,45
174,218
175,150
176,41
177,150
178,54
179,68
180,82
181,94
182,45
183,51
184,42
185,35
186,152
187,46
188,35
189,148
190,35
191,89
192,76
193,89
194,27
195,56
196,110
197,28
198,68
199,107
200,15
201,94
202,218
203,150
204,211
205,41
206,50
207,26
208,92
209,144
210,218
211,150
212,218
213,150
214,150
215,218
216,94
217,32
218,218
219,150
220,22
221,157
222,27
223,33
224,70
225,38
226,55
227,100
228,76
229,31
230,58
231,218
232,150
233,85
234,22
235,39
236,61
237,106
238,150
239,218
240,35
241,150
242,218
243,218
244,150
245,43
246,83
247,157
248,150
249,218
250,36
251,141
252,57
253,218
254,150
255,218
256,150
257,105
258,89
259,103
260,69
261,62
262,83
263,54
264,37
265,22
266,149
267,173
268,68
269,35
270,90
271,105
272,76
273,150
274,218
275,29
276,107
277,17
278,22
279,35
280,218
281,38
282,27
283,84
284,41
285,70
286,51
287,53
288,40
289,55
290,42
291,18
292,82
293,43
294,63
295,17
296,20
297,34
298,17
299,65
300,90
301,118
302,70
303,156
304,38
305,21
306,48
307,19
308,156
309,152
310,42
311,218
312,150
313,218
314,150
315,51
316,65
317,37
318,19
319,16
320,63
321,37
322,9
323,35
324,15
325,17
326,52
327,148
328,22
329,42
330,31
331,65
332,105
333,53
334,53
335,16
336,52
337,42
338,10
339,7
340,38
341,10
342,6
343,193
344,35
345,26
346,186
347,13
348,2
349,397
350,1
351,38
352,11
353,128
354,37
355,157
356,13
357,20
358,15
359,1
360,22
361,29
362,23
363,41
364,26
365,23
366,17
367,27
368,160
369,19
370,64
371,76
372,149
373,43
374,90
375,214
376,41
377,64
378,62
379,40
380,105
381,79
382,20
383,19
384,21
385,63
386,38
387,24
388,25
389,78
390,18
391,26
392,36
393,149
394,31
395,89
396,33
397,127
398,18
399,42
400,73
401,17
402,39
403,28
404,26
405,98
406,23
407,19
408,40
409,73
410,59
411,84
412,26
413,102
414,108
415,38
416,116
417,63
418,31
419,33
420,26
421,122
422,35
423,20
424,18
425,30
426,26
427,102
428,47
429,63
430,38
431,62
432,21
433,30
434,35
435,31
436,99
437,97
438,30
439,187
440,23
441,149
442,62
443,17
444,23
445,23
446,96
447,34
448,25
449,130
450,73
451,36
452,34
453,17
454,127
455,26
456,41
457,61
458,41
459,103
460,54
461,37
462,32
463,26
464,117
465,23
466,49
467,59
468,88
469,44
470,42
471,67
472,36
473,66
474,43
475,59
476,20
477,19
478,27
479,66
480,60
481,47
482,84
483,52
484,63
485,36
486,65
487,30
488,22
489,28
490,25
491,25
492,27
493,53
494,20
495,38
496,37
497,60
498,20
499,65
500,36
501,41
502,50
503,31
504,19
505,29
506,33
507,25
508,22
509,125
510,27
511,29
512,38
513,42
514,22
515,96
516,60
517,95
518,38
519,46
520,27
521,108
522,67
523,40
524,46
525,39
526,39
527,28
528,38
529,52
530,134
531,21
532,58
533,42
534,49
535,26
536,31
537,36
538,28
539,58
540,60
541,35
542,76
543,2
544,3
545,90
546,221
547,2
548,3
549,173
550,24
551,13
552,36
553,11
554,22
555,39
556,25
557,21
558,26
559,19
560,45
561,17
562,46
563,39
564,27
565,74
566,23
567,2
568,35
569,35
570,23
571,31
572,25
573,31
574,27
575,22
576,4
577,25
578,25
579,36
580,2
581,36
582,11
583,22
584,13
585,7
586,25
587,24
588,32
589,42
590,25
591,44
592,34
593,26
594,9
595,23
596,25
597,59
598,19
599,18
600,2
601,53
602,3
603,1
604,1
605,18
606,50
607,65
608,45
609,39
610,95
611,67
612,57
613,39
614,39
615,39
616,59
617,39
618,81
619,68
620,18
621,18
622,18
623,18
624,18
625,3
626,9
627,19
628,3
629,1
630,1
631,16
632,17
633,147
634,21
635,23
636,12
637,86
638,32
639,39
640,38
641,1
642,12
643,12
644,3
645,33
646,15
647,12
648,26
649,36
650,36
651,36
652,14
653,36
654,1
655,102
656,123
657,1
658,98
659,20
660,29
661,78
662,30
663,3
664,12
665,51
666,33
667,33
668,28
669,17
670,6
671,31
672,2
673,19
674,26
675,24
676,6
677,50
678,21
679,16
680,19
681,10
682,31
683,16
684,29
685,14
686,8
687,28
688,14
689,13
690,10
691,4
692,24
693,20
694,3
695,1
696,42
697,65
698,4
699,9
700,42
701,45
702,24
703,71
704,17
705,18
706,11
707,8
708,6
709,34
710,27
711,63
712,6
713,73
714,12
715,15
716,52
717,49
718,35
719,49
720,26
721,51
722,49
723,6
724,63
725,47
726,12
727,26
728,49
729,70
730,46
731,7
732,70
733,45
734,44
735,7
736,54
737,22
738,46
739,26
740,98
741,55
742,25
743,45
744,35
745,30
746,31
747,3
748,13
749,11
750,19
751,3
752,44
753,35
754,12
755,9
756,11
757,29
758,16
759,13
760,21
761,48
762,4
763,4
764,4
765,4
766,8
767,4
768,47
769,12
770,39
771,3
772,4
773,34
774,2
775,2
776,32
777,11
778,13
779,16
780,3
781,10
782,22
783,19
784,10
785,7
786,11
787,27
788,16
789,17
790,8
791,17
792,19
793,22
794,14
795,1
796,3
797,8
798,10
799,22
800,29
801,26
802,20
803,23
804,2
805,2
806,36
807,67
808,16
809,12
810,18
811,18
812,12
813,14
814,22
815,27
816,17
817,27
818,12
819,62
820,25
821,36
822,10
823,15
824,103
825,94
826,37
827,38
828,20
829,19
830,15
831,17
832,1
833,1
834,8
835,36
836,3
837,56
838,4
839,73
840,71
841,5
842,12
843,18
844,8
845,8
846,10
847,9
848,17
849,25
850,2
851,10
852,7
853,21
854,1
855,10
856,1
857,105
858,105
859,16
860,47
861,90
862,35
863,79
864,8
865,17
866,6
867,61
868,48
869,26
870,76
871,9
872,2
873,1
874,62
875,1
876,64
877,10
878,38
879,2
880,36
881,26
882,5
883,5
884,104
885,2
886,12
887,9
888,22
889,69
890,30
891,34
892,1
893,22
894,29
895,8
896,104
897,32
898,104
899,104
900,21
901,36
902,1
903,6
904,12
905,24
906,10
907,10
908,8
909,9
910,29
911,32
912,15
913,18
914,25
915,2
916,15
917,23
918,20
919,10
920,11
921,31
922,35
923,8
924,3
925,17
926,2
927,32
928,31
929,72
930,75
931,43
932,12
933,10
934,44
935,54
936,40
937,28
938,28
939,18
940,13
941,18
942,44
943,49
944,83
945,25
946,16
947,22
948,14
949,8
950,18
951,19
952,25
953,13
954,15
955,21
956,8
957,6
958,2
959,1
960,25
961,19
962,37
963,41
964,12
965,30
966,53
967,95
968,33
969,39
970,25
971,28
972,17
973,19
974,42
975,27
976,7
977,15
978,9
979,10
980,21
981,45
982,10
983,6
984,11
985,30
986,6
987,21
988,6
989,11
990,5
991,21
992,224
993,12
994,11
995,5
996,70
997,1
998,2
999,118
1000,17
1001,55
1002,7
1003,7
1004,7
1005,7
1006,6
1007,5
1008,5
1009,3
1010,2
1011,2
1012,6
1013,2
1014,2
1015,5
1016,103
1017,23
1018,36
1019,18
1020,14
1021,5
1022,12
1023,4
1024,54
1025,25
1026,24
1027,39
1028,22
1029,21
1030,79
1031,26
1032,26
1033,21
1034,10
1035,94
1036,37
1037,5
1038,8
1039,7
1040,2
1041,39
1042,68
1043,1
1044,11
1045,10
1046,30
1047,42
1048,2
1049,7
1050,9
1051,6
1052,67
1053,68
1054,3
1055,14
1056,5
1057,9
1058,10
1059,16
1060,22
1061,15
1062,14
1063,13
1064,20
1065,16
1066,15
1067,16
1068,20
1069,17
1070,22
1071,18
1072,28
1073,18
1074,30
1075,10
1076,25
1077,20
1078,35
1079,37
1080,12
1081,78
1082,15
1083,55
1084,18
1085,30
1086,29
1087,15
1088,56
1089,78
1090,21
1091,77
1092,55
1093,75
1094,58
1095,2
1096,23
1097,44
1098,30
1099,35
1100,20
1101,10
1102,8
1103,17
1104,6
1105,69
1106,6
1107,27
1108,20
1109,20
1110,44
1111,7
1112,107
1113,4
1114,10
1115,6
1116,4
1117,22
1118,1
1119,11
1120,13
1121,55
1122,46
1123,29
1124,23
1125,25
1126,12
1127,23
1128,3
1129,11
1130,2
1131,65
1132,21
1133,36
1134,6
1135,4
1136,8
1137,14
1138,75
1139,3
1140,1
1141,12
1142,22
1143,5
1144,10
1145,21
1146,14
1147,15
1148,9
1149,25
1150,17
1151,24
1152,21
1153,17
1154,6
1155,2
1156,40
1157,19
1158,50
1159,6
1160,6
1161,8
1162,6
1163,26
1164,20
1165,41
1166,6
1167,10
1168,25
1169,28
1170,11
1171,41
1172,52
1173,25
1174,20
1175,6
1176,24
1177,35
1178,1
1179,3
1180,15
1181,1
1182,16
1183,21
1184,20
1185,1
1186,9
1187,4
1188,9
1189,3
1190,17
1191,18
1192,14
1193,18
1194,16
1195,15
1196,17
1197,34
1198,19
1199,18
1200,13
1201,18
1202,1
1203,6
1204,9
1205,8
1206,40
1207,11
1208,13
1209,19
1210,14
1211,15
1212,27
1213,12
1214,11
1215,15
1216,34
1217,15
1218,23
1219,3
1220,11
1221,7
1222,16
1223,13
1224,13
1225,13
1226,10
1227,16
1228,10
1229,1
1230,18
1231,24
1232,13
1233,5
1234,7
1235,16
1236,6
1237,14
1238,30
1239,4
1240,2
1241,6
1242,4
1243,10
1244,2
1245,8
1246,2
1247,2
1248,2
1249,2
1250,3
1251,32
1252,16
1253,7
1254,2
1255,20
1256,18
1257,7
1258,14
1259,25
1260,2
1261,2
1262,10
1263,5
1264,8
1265,3
1266,6
1267,2
1268,4
1269,15
1270,4
1271,1
1272,7
1273,21
1274,13
1275,7
1276,24
1277,3
1278,18
1279,3
1280,39
1281,3
1282,8
1283,17
1284,10
1285,10
1286,12
1287,9
1288,6
1289,4
1290,12
1291,5
1292,5
1293,1
1294,8
1295,3
1296,5
1297,6
1298,5
1299,6
1300,5
1301,9
1302,7
1303,37
1304,8
1305,53
1306,8
1307,3
1308,7
1309,4
1310,5
1311,4
1312,6
1313,11
1314,4
1315,9
1316,16
1317,8
1318,7
1319,21
1320,11
1321,4
1322,1
1323,4
1324,2
1325,2
1326,2
1327,2
1328,24
1329,9
1330,3
1331,5
1332,22
1333,12
1334,16
1335,30
1336,20
1337,14
1338,18
1339,32
1340,4
1341,18
1342,14
1343,17
1344,3
1345,16
1346,61
1347,53
1348,23
1349,2
1350,6
1351,7
1352,24
1353,22
1354,43
1355,19
1356,15
1357,1
1358,3
1359,17
1360,8
1361,8
1362,3
1363,2
1364,5
1365,5
1366,9
1367,15
1368,2
1369,37
1370,19
1371,31
1372,22
1373,27
1374,30
1375,25
1376,4
1377,15
1378,14
1379,21
1380,39
1381,19
1382,37
1383,25
1384,19
1385,36
1386,29
1387,34
1388,22
1389,31
1390,34
1391,17
1392,27
1393,37
1394,70
1395,28
1396,30
1397,55
1398,20
1399,17
1400,26
1401,25
1402,25
1403,16
1404,25
1405,2
1406,3
1407,22
1408,1
1409,1
1410,13
1411,23
1412,9
1413,37
1414,17
1415,10
1416,62
1417,36
1418,48
1419,39
1420,5
1421,9
1422,7
1423,17
1424,5
1425,3
1426,8
1427,6
1428,19
1429,1
1430,1
1431,3
1432,2
1433,3
1434,4
1435,6
1436,10
1437,1
1438,1
1439,7
1440,4
1441,1
1442,9
1443,5
1444,25
1445,32
1446,29
1447,11
1448,30
1449,29
1450,22
1451,11
1452,26
1453,13
1454,14
1455,9
1456,5
1457,23
1458,22
1459,6
1460,28
1461,9
1462,84
1463,23
1464,2
1465,7
1466,14
1467,5
1468,2
1469,14
1470,14
1471,2
1472,8
1473,35
1474,31
1475,34
1476,3
1477,50
1478,44
1479,14
1480,6
1481,17
1482,18
1483,5
1484,27
1485,19
1486,17
1487,36
1488,44
1489,32
1490,14
1491,18
1492,16
1493,39
1494,2
1495,2
1496,6
1497,4
1498,9
1499,8
1500,17
1501,6
1502,8
1503,14
1504,7
1505,13
1506,5
1507,4
1508,13
1509,8
1510,15
1511,11
1512,10
1513,10
1514,24
1515,14
1516,6
1517,3
1518,3
1519,8
1520,6
1521,8
1522,18
1523,4
1524,7
1525,1
1526,5
1527,33
1528,32
1529,33
1530,55
1531,21
1532,18
1533,22
1534,6
1535,13
1536,6
1537,31
1538,30
1539,16
1540,8
1541,80
1542,6
1543,22
1544,7
1545,43
1546,22
1547,18
1548,39
1549,17
1550,32
1551,23
1552,33
1553,46
1554,26
1555,11
1556,24
1557,14
1558,14
1559,18
1560,22
1561,15
1562,19
1563,28
1564,9
1565,8
1566,18
1567,5
1568,35
1569,8
1570,4
1571,11
1572,35
1573,7
1574,31
1575,8
1576,1
1577,9
1578,23
1579,9
1580,22
1581,32
1582,9
1583,11
1584,20
1585,11
1586,10
1587,21
1588,6
1589,14
1590,23
1591,15
1592,15
1593,21
1594,36
1595,2
1596,64
1597,11
1598,17
1599,36
1600,35
1601,60
1602,2
1603,2
1604,2
1605,6
1606,2
1607,2
1608,5
1609,68
1610,1
1611,1
1612,27
1613,6
1614,32
1615,12
1616,24
1617,27
1618,4
1619,9
1620,11
1621,24
1622,7
1623,17
1624,5
1625,7
1626,2
1627,3
1628,6
1629,11
1630,30
1631,45
1632,29
1633,37
1634,21
1635,17
1636,24
1637,9
1638,10
1639,10
1640,9
1641,16
1642,2
1643,20
1644,24
1645,11
1646,13
1647,8
1648,4
1649,1
1650,11
1651,49
1652,8
1653,14
1654,4
1655,15
1656,20
1657,2
1658,13
1659,3
1660,8
1661,18
1662,7
1663,7
1664,8
1665,6
1666,13
1667,12
1668,14
1669,15
1670,21
1671,41
1672,19
1673,12
1674,21
1675,2
1676,4
1677,23
1678,22
1679,55
1680,1
1681,9
1682,17
1683,5
1684,13
1685,4
1686,5
1687,8
1688,1
1689,4
1690,13
1691,12
1692,27
1693,11
1694,2
1695,19
1696,18
1697,7
1698,6
1699,9
1700,6
1701,1
1702,22
1703,29
1704,37
1705,3
1706,3
1707,11
1708,11
1709,12
1710,6
1711,9
1712,3
1713,1
1714,8
1715,21
1716,5
1717,6
1718,2
1719,8
1720,7
1721,6
1722,20
1723,5
1724,3
1725,1
1726,6
1727,6
1728,4
1729,2
1730,1
1731,2
1732,2
1733,3
1734,9
1735,14
1736,7
1737,17
1738,10
1739,2
1740,2
1741,3
1742,3
1743,5
1744,12
1745,8
1746,8
1747,31
1748,31
1749,1
1750,2
1751,16
1752,2
1753,1
1754,4
1755,5
1756,17
1757,12
1758,13
1759,13
1760,3
1761,11
1762,10
1763,5
1764,8
1765,18
1766,4
1767,13
1768,2
1769,6
1770,8
1771,9
1772,8
1773,16
1774,10
1775,4
1776,8
1777,4
1778,4
1779,12
1780,21
1781,20
1782,16
1783,9
1784,2
1785,7
1786,4
1787,10
1788,9
1789,27
1790,25
1791,5
1792,15
1793,12
1794,7
1795,3
1796,6
1797,5
1798,13
1799,18
1800,10
1801,15
1802,10
1803,11
1804,11
1805,8
1806,16
1807,15
1808,13
1809,4
1810,6
1811,5
1812,4
1813,4
1814,4
1815,13
1816,11
1817,18
1818,5
1819,11
1820,10
1821,3
1822,14
1823,21
1824,5
1825,7
1826,10
1827,10
1828,8
1829,4
1830,11
1831,18
1832,44
1833,6
1834,27
1835,8
1836,8
1837,5
1838,13
1839,4
1840,21
1841,28
1842,19
1843,3
1844,15
1845,15
1846,5
1847,5
1848,3
1849,15
1850,10
1851,20
1852,7
1853,1
1854,12
1855,4
1856,3
1857,3
1858,6
1859,6
1860,7
1861,7
1862,4
1863,4
1864,2
1865,2
1866,1
1867,8
1868,1
1869,34
1870,2
1871,1
1872,25
1873,21
1874,20
1875,2
1876,13
1877,6
1878,6
1879,8
1880,4
1881,14
1882,5
1883,5
1884,9
1885,8
1886,6
1887,16
1888,1
1889,2
1890,62
1891,3
1892,24
1893,20
1894,2
1895,6
1896,9
1897,9
1898,10
1899,23
1900,68
1901,22
1902,16
1903,10
1904,21
1905,16
1906,13
1907,7
1908,14
1909,32
1910,19
1911,17
1912,3
1913,5
1914,19
1915,19
1916,3
1917,5
1918,3
1919,2
1920,2
1921,10
1922,5
1923,2
1924,49
1925,20
1926,5
1927,5
1928,2
1929,3
1930,2
1931,13
1932,4
1933,2
1934,30
1935,2
1936,2
1937,6
1938,7
1939,73
1940,5
1941,5
1942,2
1943,9
1944,21
1945,18
1946,3
1947,7
1948,17
1949,12
1950,2
1951,4
1952,9
1953,64
1954,30
1955,7
1956,9
1957,11
1958,27
1959,21
1960,33
1961,7
1962,18
1963,7
1964,21
1965,12
1966,6
1967,11
1968,14
1969,2
1970,19
1971,16
1972,5
1973,37
1974,29
1975,10
1976,13
1977,5
1978,30
1979,25
1980,1
1981,2
1982,13
1983,10
1984,2
1985,1
1986,22
1987,2
1988,5
1989,1
1990,6
1991,17
1992,43
1993,2
1994,2
1995,12
1996,1
1997,17
1998,11
1999,7
2000,4
2001,2
2002,1
2003,11
2004,15
2005,15
2006,13
2007,29
2008,15
2009,7
2010,17
2011,2
2012,4
2013,2
2014,19
2015,60
2016,14
2017,25
2018,39
2019,11
2020,10
2021,13
2022,23
2023,9
2024,8
2025,8
2026,9
2027,25
2028,13
2029,9
2030,5
2031,11
2032,13
2033,9
2034,21
2035,6
2036,3
2037,2
2038,18
2039,12
2040,4
2041,6
2042,8
2043,17
2044,10
2045,2
2046,2
2047,12
2048,4
2049,12
2050,13
2051,12
2052,9
2053,1
2054,21
2055,9
2056,28
2057,15
2058,2
2059,22
2060,1
2061,30
2062,9
2063,31
2064,5
2065,4
2066,1
2067,9
2068,10
2069,1
2070,10
2071,2
2072,6
2073,11
2074,11
2075,5
2076,6
2077,10
2078,3
2079,13
2080,4
2081,5
2082,9
2083,10
2084,15
2085,5
2086,14
2087,8
2088,6
2089,10
2090,3
2091,5
2092,5
2093,3
2094,15
2095,9
2096,6
2097,20
2098,3
2099,10
2100,52
2101,9
2102,17
2103,8
2104,11
2105,11
2106,8
2107,1
2108,18
2109,3
2110,19
2111,3
2112,8
2113,16
2114,14
2115,8
2116,4
2117,7
2118,8
2119,3
2120,2
2121,3
2122,5
2123,17
2124,4
2125,29
2126,9
2127,12
2128,7
2129,1
2130,2
2131,3
2132,3
2133,9
2134,12
2135,16
2136,20
2137,18
2138,13
2139,18
2140,15
2141,23
2142,10
2143,15
2144,1
2145,7
2146,13
2147,5
2148,10
2149,10
2150,14
2151,5
2152,22
2153,8
2154,5
2155,4
2156,4
2157,4
2158,5
2159,6
2160,9
2161,7
2162,9
2163,11
2164,6
2165,19
2166,16
2167,22
2168,12
2169,9
2170,13
2171,7
2172,9
2173,7
2174,23
2175,24
2176,6
2177,5
2178,9
2179,13
2180,3
2181,1
2182,3
2183,1
2184,13
2185,17
2186,18
2187,31
2188,17
2189,23
2190,3
2191,1
2192,1
2193,1
2194,16
2195,15
2196,18
2197,10
2198,2
2199,2
2200,2
2201,31
2202,16
2203,6
2204,12
2205,6
2206,20
2207,14
2208,10
2209,1
2210,10
2211,4
2212,18
2213,3
2214,3
2215,4
2216,12
2217,1
2218,1
2219,1
2220,9
2221,9
2222,24
2223,9
2224,9
2225,10
2226,5
2227,2
2228,20
2229,7
2230,10
2231,11
2232,7
2233,14
2234,6
2235,1
2236,11
2237,1
2238,4
2239,2
2240,3
2241,2
2242,9
2243,4
2244,4
2245,3
2246,9
2247,8
2248,10
2249,3
2250,3
2251,6
2252,2
2253,8
2254,5
2255,5
2256,5
2257,14
2258,3
2259,14
2260,6
2261,3
2262,5
2263,8
2264,27
2265,2
2266,4
2267,8
2268,10
2269,15
2270,4
2271,4
2272,5
2273,3
2274,3
2275,7
2276,5
2277,5
2278,10
2279,12
2280,8
2281,4
2282,3
2283,2
2284,3
2285,4
2286,12
2287,5
2288,9
2289,3
2290,12
2291,2
2292,2
2293,7
2294,1
2295,6
2296,5
2297,6
2298,3
2299,3
2300,10
2301,5
2302,2
2303,2
2304,16
2305,3
2306,3
2307,1
2308,13
2309,1
2310,1
2311,1
2312,15
2313,2
2314,3
2315,6
2316,5
2317,6
2318,15
2319,7
2320,13
2321,21
2322,5
2323,35
2324,8
2325,16
2326,7
2327,19
2328,37
2329,4
2330,29
2331,1
2332,2
2333,1
2334,2
2335,4
2336,31
2337,14
2338,14
2339,4
2340,14
2341,12
2342,2
2343,12
2344,11
2345,16
2346,25
2347,4
2348,7
2349,22
2350,4
2351,2
2352,10
2353,12
2354,12
2355,21
2356,6
2357,2
2358,1
2359,14
2360,16
2361,4
2362,15
2363,13
2364,11
2365,3
2366,4
2367,4
2368,3
2369,11
2370,1
2371,1
2372,11
2373,9
2374,3
2375,17
2376,2
2377,5
2378,19
2379,12
2380,13
2381,8
2382,11
2383,3
2384,11
2385,12
2386,1
2387,6
2388,4
2389,1
2390,3
2391,1
2392,4
2393,7
2394,42
2395,20
2396,27
2397,24
2398,11
2399,19
2400,16
2401,23
2402,6
2403,13
2404,14
2405,14
2406,5
2407,19
2408,11
2409,12
2410,11
2411,1
2412,1
2413,1
2414,32
2415,6
2416,13
2417,4
2418,21
2419,2
2420,15
2421,10
2422,9
2423,7
2424,13
2425,3
2426,1
2427,9
2428,24
2429,6
2430,22
2431,1
2432,24
2433,12
2434,11
2435,21
2436,17
2437,2
2438,16
2439,4
2440,1
2441,10
2442,2
2443,5
2444,1
2445,1
2446,1
2447,1
2448,6
2449,8
2450,2
2451,1
2452,5
2453,7
2454,14
2455,6
2456,5
2457,1
2458,32
2459,10
2460,2
2461,5
2462,4
2463,4
2464,5
2465,2
2466,5
2467,3
2468,10
2469,12
2470,4
2471,4
2472,7
2473,4
2474,17
2475,22
2476,2
2477,1
2478,6
2479,5
2480,3
2481,16
2482,1
2483,2
2484,9
2485,36
2486,4
2487,4
2488,8
2489,13
2490,3
2491,3
2492,4
2493,24
2494,32
2495,37
2496,27
2497,11
2498,17
2499,37
2500,30
2501,30
2502,1
2503,14
2504,23
2505,7
2506,19
2507,1
2508,3
2509,7
2510,11
2511,2
2512,9
2513,7
2514,11
2515,6
2516,6
2517,4
2518,6
2519,18
2520,11
2521,13
2522,9
2523,6
2524,8
2525,4
2526,2
2527,14
2528,1
2529,1
2530,4
2531,4
2532,4
2533,13
2534,2
2535,1
2536,6
2537,9
2538,8
2539,9
2540,23
2541,8
2542,2
2543,1
2544,1
2545,4
2546,1
2547,5
2548,3
2549,7
2550,9
2551,6
2552,5
2553,8
2554,7
2555,3
2556,9
2557,6
2558,22
2559,10
2560,4
2561,1
2562,2
2563,17
2564,2
2565,4
2566,11
2567,1
2568,3
2569,7
2570,6
2571,1
2572,4
2573,10
2574,51
2575,1
2576,2
2577,8
2578,8
2579,6
2580,2
2581,23
2582,5
2583,1
2584,15
2585,10
2586,2
2587,1
2588,7
2589,1
2590,10
2591,6
2592,6
2593,8
2594,15
2595,1
2596,12
2597,1
2598,1
2599,2
2600,17
2601,1
2602,10
2603,4
2604,8
2605,1
2606,1
2607,6
2608,8
2609,5
2610,2
2611,3
2612,3
2613,1
2614,2
2615,5
2616,4
2617,1
2618,4
2619,5
2620,9
2621,23
2622,1
2623,3
2624,1
2625,1
2626,4
2627,10
2628,1
2629,1
2630,8
2631,11
2632,4
2633,9
2634,2
2635,14
2636,25
2637,10
2638,6
2639,4
2640,11
2641,15
2642,1
2643,18
2644,17
2645,17
2646,18
2647,14
2648,18
2649,14
2650,18
2651,18
2652,18
2653,18
2654,18
2655,18
2656,17
2657,14
2658,14
2659,14
2660,13
2661,14
2662,18
2663,18
2664,17
2665,18
2666,10
2667,17
2668,17
2669,17
2670,1
2671,3
2672,10
2673,8
2674,2
2675,2
2676,1
2677,8
2678,3
2679,39
2680,32
2681,18
2682,16
2683,22
2684,22
2685,1
2686,2
2687,2
2688,1
2689,2
2690,1
2691,7
2692,1
2693,5
2694,12
2695,1
2696,1
2697,8
2698,3
2699,3
2700,3
2701,16
2702,5
2703,13
2704,5
2705,2
2706,7
2707,23
2708,3
2709,1
2710,4
2711,4
2712,1
2713,2
2714,1
2715,9
2716,9
2717,7
2718,2
2719,2
2720,2
2721,15
2722,2
2723,7
2724,7
2725,7
2726,7
2727,3
2728,3
2729,7
2730,7
2731,7
2732,7
2733,7
2734,7
2735,7
2736,7
2737,7
2738,3
2739,4
2740,1
2741,16
2742,5
2743,9
2744,15
2745,5
2746,3
2747,10
2748,1
2749,10
2750,1
2751,18
2752,2
2753,1
2754,3
2755,14
2756,9
2757,4
2758,6
2759,11
2760,7
2761,6
2762,6
2763,6
2764,4
2765,2
2766,8
2767,4
2768,13
2769,20
2770,2
2771,6
2772,4
2773,3
2774,3
2775,5
2776,2
2777,11
2778,7
2779,3
2780,7
2781,4
2782,2
2783,8
2784,15
2785,6
2786,1
2787,4
2788,4
2789,8
2790,4
2791,8
2792,1
2793,9
2794,3
2795,3
2796,3
2797,7
2798,1
2799,3
2800,5
2801,9
2802,13
2803,5
2804,2
2805,7
2806,3
2807,11
2808,1
2809,7
2810,18
2811,9
2812,12
2813,17
2814,9
2815,5
2816,6
2817,1
2818,2
2819,15
2820,3
2821,2
2822,2
2823,3
2824,22
2825,8
2826,8
2827,3
2828,2
2829,23
2830,12
2831,10
2832,17
2833,19
2834,15
2835,1
2836,3
2837,16
2838,27
2839,25
2840,15
2841,8
2842,2
2843,10
2844,1
2845,1
2846,5
2847,4
2848,7
2849,1
2850,1
2851,1
2852,18
2853,1
2854,1
2855,1
2856,4
2857,2
2858,5
2859,1
2860,1
2861,1
2862,1
2863,2
2864,4
2865,8
2866,8
2867,4
2868,4
2869,13
2870,1
2871,3
2872,8
2873,2
2874,13
2875,1
2876,6
2877,6
2878,4
2879,6
2880,1
2881,3
2882,16
2883,2
2884,1
2885,5
2886,8
2887,2
2888,8
2889,3
2890,3
2891,2
2892,1
2893,37
2894,10
2895,3
2896,3
2897,3
2898,7
2899,17
2900,5
2901,4
2902,3
2903,1
2904,10
2905,1
2906,6
2907,4
2908,4
2909,3
2910,10
2911,1
2912,10
2913,28
2914,14
2915,1
2916,10
2917,1
2918,4
2919,1
2920,5
2921,4
2922,2
2923,6
2924,1
2925,12
2926,9
2927,2
2928,2
2929,2
2930,2
2931,13
2932,8
2933,1
2934,20
2935,14
2936,2
2937,7
2938,1
2939,1
2940,11
2941,8
2942,3
2943,10
2944,2
2945,5
2946,5
2947,2
2948,2
2949,4
2950,1
2951,4
2952,2
2953,1
2954,21
2955,2
2956,6
2957,4
2958,7
2959,9
2960,12
2961,2
2962,11
2963,6
2964,1
2965,2
2966,1
2967,4
2968,9
2969,9
2970,9
2971,17
2972,11
2973,3
2974,4
2975,9
2976,13
2977,1
2978,12
2979,1
2980,1
2981,8
2982,6
2983,15
2984,3
2985,28
2986,9
2987,10
2988,2
2989,8
2990,3
2991,15
2992,10
2993,10
2994,4
2995,2
2996,5
2997,2
2998,2
2999,1
3000,7
3001,4
3002,2
3003,1
3004,1
3005,5
3006,7
3007,1
3008,1
3009,1
3010,1
3011,1
3012,2
3013,1
3014,1
3015,1
3016,3
3017,5
3018,1
3019,1
3020,1
3021,1
3022,1
3023,1
3024,2
3025,7
3026,1
3027,1
3028,5
3029,2
3030,1
3031,1
3032,2
3033,2
3034,1
3035,2
3036,1
3037,3
3038,8
3039,3
3040,3
3041,1
3042,2
3043,2
3044,1
3045,1
3046,2
3047,2
3048,1
3049,6
3050,3
3051,1
3052,1
3053,1
3054,4
3055,2
3056,2
3057,4
3058,2
3059,2
3060,4
3061,10
3062,3
3063,5
3064,1
3065,1
3066,6
3067,4
3068,1
3069,1
3070,1
3071,1
3072,1
3073,3
3074,3
3075,2
3076,1
3077,6
3078,3
3079,1
3080,4
3081,2
3082,2
3083,4
3084,2
3085,2
3086,1
3087,3
3088,2
3089,3
3090,3
3091,2
3092,1
3093,7
3094,3
3095,1
3096,1
3097,1
3098,5
3099,2
3100,2
3101,1
3102,2
3103,2
3104,1
3105,1
3106,3
3107,1
3108,2
3109,2
3110,2
3111,1
3112,1
3113,1
3114,1
3115,3
3116,1
3117,2
3118,2
3119,2
3120,2
3121,5
3122,1
3123,3
3124,2
3125,1
3126,4
3127,4
3128,1
3129,2
3130,2
3131,4
3132,6
3133,8
3134,1
3135,1
3136,1
3137,1
3138,1
3139,1
3140,1
3141,8
3142,1
3143,2
3144,1
3145,3
3146,1
3147,2
3148,4
3149,2
3150,1
3151,3
3152,4
3153,1
3154,1
3155,3
3156,1
3157,1
3158,3
3159,1
3160,1
3161,1
3162,3
3163,2
3164,2
3165,2
3166,1
3167,2
3168,3
3169,1
3170,3
3171,2
3172,2
3173,3
3174,2
3175,8
3176,1
3177,4
3178,2
3179,4
3180,2
3181,1
3182,1
3183,2
3184,3
3185,2
3186,2
3187,4
3188,2
3189,2
3190,1
3191,2
3192,4
3193,11
3194,12
3195,9
3196,18
3197,2
3198,13
3199,4
3200,15
3201,4
3202,17
3203,3
3204,1
3205,3
3206,3
3207,12
3208,1
3209,3
3210,5
3211,3
3212,3
3213,3
3214,5
3215,6
3216,7
3217,3
3218,4
3219,1
3220,18
3221,1
3222,8
3223,6
3224,2
3225,6
3226,8
3227,7
3228,13
3229,12
3230,3
3231,1
3232,6
3233,5
3234,2
3235,5
3236,1
3237,1
3238,3
3239,4
3240,6
3241,11
3242,1
3243,11
3244,22
3245,9
3246,3
3247,1
3248,1
3249,14
3250,4
3251,3
3252,11
3253,7
3254,8
3255,3
3256,2
3257,2
3258,3
3259,8
3260,3
3261,4
3262,3
3263,6
3264,9
3265,7
3266,1
3267,1
3268,5
3269,1
3270,3
3271,6
3272,6
3273,1
3274,11
3275,2
3276,11
3277,5
3278,3
3279,4
3280,5
3281,4
3282,1
3283,15
3284,2
3285,11
3286,26
3287,1
3288,1
3289,3
3290,9
3291,10
3292,5
3293,4
3294,1
3295,1
3296,3
3297,3
3298,4
3299,2
3300,15
3301,18
3302,18
3303,2
3304,3
3305,4
3306,1
3307,7
3308,6
3309,7
3310,7
3311,2
3312,13
3313,9
3314,3
3315,3
3316,4
3317,6
3318,3
3319,6
3320,10
3321,1
3322,11
3323,5
3324,8
3325,4
3326,8
3327,4
3328,11
3329,6
3330,7
3331,13
3332,14
3333,2
3334,1
3335,1
3336,1
3337,2
3338,3
3339,1
3340,2
3341,7
3342,4
3343,2
3344,1
3345,10
3346,8
3347,8
3348,9
3349,9
3350,17
3351,1
3352,7
3353,1
3354,1
3355,1
3356,2
3357,14
3358,1
3359,4
3360,5
3361,7
3362,3
3363,4
3364,1
3365,2
3366,13
3367,1
3368,13
3369,4
3370,2
3371,3
3372,10
3373,9
3374,9
3375,7
3376,6
3377,10
3378,6
3379,9
3380,20
3381,1
3382,2
3383,3
3384,10
3385,6
3386,3
3387,1
3388,10
3389,7
3390,5
3391,2
3392,1
3393,1
3394,7
3395,2
3396,5
3397,1
3398,6
3399,1
3400,4
3401,1
3402,1
3403,1
3404,2
3405,11
3406,8
3407,6
3408,9
3409,16
3410,6
3411,1
3412,2
3413,7
3414,8
3415,2
3416,8
3417,1
3418,1
3419,1
3420,1
3421,9
3422,9
3423,1
3424,4
3425,23
3426,4
3427,2
3428,8
3429,1
3430,4
3431,8
3432,3
3433,7
3434,1
3435,5
3436,11
3437,1
3438,1
3439,1
3440,3
3441,3
3442,2
3443,4
3444,7
3445,8
3446,5
3447,19
3448,1
3449,4
3450,2
3451,7
3452,4
3453,8
3454,1
3455,11
3456,2
3457,2
3458,7
3459,2
3460,4
3461,3
3462,6
3463,2
3464,1
3465,7
3466,3
3467,1
3468,4
3469,1
3470,6
3471,9
3472,5
3473,3
3474,10
3475,10
3476,14
3477,4
3478,9
3479,5
3480,1
3481,3
3482,8
3483,3
3484,1
3485,3
3486,6
3487,1
3488,2
3489,1
3490,3
3491,14
3492,2
3493,17
3494,8
3495,3
3496,2
3497,5
3498,2
3499,9
3500,4
3501,4
3502,1
3503,5
3504,1
3505,3
3506,1
3507,3
3508,1
3509,5
3510,12
3511,6
3512,1
3513,6
3514,2
3515,20
3516,4
3517,7
3518,1
3519,1
3520,2
3521,3
3522,2
3523,3
3524,1
3525,1
3526,6
3527,9
3528,1
3529,4
3530,2
3531,1
3532,2
3533,3
3534,1
3535,1
3536,5
3537,1
3538,1
3539,1
3540,3
3541,2
3542,2
3543,1
3544,8
3545,2
3546,8
3547,1
3548,1
3549,6
3550,12
3551,1
3552,1
3553,4
3554,2
3555,6
3556,3
3557,5
3558,1
3559,10
3560,2
3561,1
3562,1
3563,2
3564,1
3565,4
3566,2
3567,3
3568,4
3569,1
3570,1
3571,5
3572,1
3573,8
3574,7
3575,10
3576,1
3577,1
3578,5
3579,3
3580,4
3581,1
3582,3
3583,2
3584,3
3585,1
3586,9
3587,7
3588,6
3589,9
3590,1
3591,1
3592,1
3593,1
3594,2
3595,1
3596,3
3597,1
3598,6
3599,2
3600,9
3601,4
3602,1
3603,3
3604,1
3605,1
3606,1
3607,3
3608,1
3609,2
3610,2
3611,3
3612,4
3613,1
3614,2
3615,5
3616,1
3617,3
3618,5
3619,10
3620,1
3621,5
3622,1
3623,2
3624,3
3625,11
3626,4
3627,4
3628,7
3629,8
3630,4
3631,5
3632,2
3633,8
3634,8
3635,2
3636,2
3637,1
3638,2
3639,4
3640,3
3641,1
3642,9
3643,2
3644,2
3645,1
3646,8
3647,1
3648,10
3649,4
3650,2
3651,1
3652,1
3653,3
3654,2
3655,3
3656,3
3657,6
3658,2
3659,1
3660,6
3661,1
3662,2
3663,1
3664,5
3665,3
3666,5
3667,4
3668,8
3669,2
3670,6
3671,4
3672,3
3673,1
3674,2
3675,1
3676,3
3677,10
3678,2
3679,1
3680,7
3681,1
3682,8
3683,1
3684,1
3685,1
3686,1
3687,1
3688,2
3689,2
3690,1
3691,4
3692,1
3693,3
3694,2
3695,1
3696,5
3697,1
3698,10
3699,9
3700,9
3701,3
3702,3
3703,4
3704,4
3705,3
3706,4
3707,4
3708,2
3709,2
3710,5
3711,1
3712,1
3713,3
3714,1
3715,2
3716,1
3717,2
3718,1
3719,2
3720,2
3721,5
3722,4
3723,2
3724,1
3725,2
3726,1
3727,2
3728,2
3729,3
3730,1
3731,1
3732,3
3733,1
3734,1
3735,1
3736,1
3737,2
3738,1
3739,2
3740,1
3741,2
3742,1
3743,1
3744,1
3745,2
3746,1
3747,5
3748,1
3749,2
3750,1
3751,3
3752,1
3753,1
3754,3
3755,1
3756,1
3757,1
3758,2
3759,1
3760,1
3761,1
3762,1
3763,1
3764,2
3765,3
3766,1
3767,2
3768,1
3769,1
3770,1
3771,1
3772,4
3773,1
3774,1
3775,1
3776,1
3777,1
3778,1
3779,1
3780,2
3781,2
3782,1
3783,7
3784,1
3785,1
3786,2
3787,1
3788,1
3789,1
3790,5
3791,1
3792,1
3793,1
3794,2
3795,3
3796,6
3797,1
3798,1
3799,1
3800,2
3801,4
3802,1
3803,1
3804,1
3805,1
3806,2
3807,1
3808,1
3809,1
3810,2
3811,1
3812,4
3813,1
3814,1
3815,3
3816,1
3817,1
3818,1
3819,1
3820,1
3821,1
3822,1
3823,1
3824,3
3825,3
3826,1
3827,1
3828,3
3829,1
3830,1
3831,2
3832,1
3833,1
3834,1
3835,1
3836,2
3837,1
3838,1
3839,5
3840,1
3841,2
3842,1
3843,1
3844,5
3845,1
3846,3
3847,2
3848,2
3849,4
3850,2
3851,2
3852,6
3853,3
3854,1
3855,1
3856,6
3857,2
3858,1
3859,6
3860,1
3861,3
3862,1
3863,5
3864,1
3865,4
3866,4
3867,1
3868,4
3869,2
3870,8
3871,1
3872,1
3873,1
3874,3
3875,7
3876,6
3877,2
3878,1
3879,1
3880,3
3881,3
3882,4
3883,1
3884,4
3885,2
3886,1
3887,2
3888,3
3889,2
3890,2
3891,1
3892,1
3893,1
3894,2
3895,1
3896,2
3897,3
3898,1
3899,3
3900,3
3901,3
3902,1
3903,3
3904,2
3905,1
3906,2
3907,4
3908,1
3909,3
3910,3
3911,3
3912,3
3913,3
3914,3
3915,3
3916,2
3917,1
3918,1
3919,2
3920,2
3921,9
3922,3
3923,1
3924,1
3925,3
3926,6
3927,2
3928,6
3929,4
3930,3
3931,3
3932,2
3933,4
3934,8
3935,7
3936,3
3937,1
3938,1
3939,1
3940,1
3941,1
3942,3
3943,3
3944,22
3945,1
3946,4
3947,2
3948,5
3949,1
3950,3
3951,6
3952,2
3953,4
3954,1
3955,2
3956,5
3957,3
3958,1
3959,3
3960,1
3961,1
3962,5
3963,3
3964,1
3965,2
3966,1
3967,5
3968,2
3969,1
3970,5
3971,1
3972,2
3973,2
3974,3
3975,1
3976,1
3977,2
3978,5
3979,5
3980,2
3981,2
3982,1
3983,1
3984,1
3985,1
3986,5
3987,3
3988,4
3989,5
3990,3
3991,2
3992,5
3993,6
3994,6
3995,5
3996,3
3997,1
3998,3
3999,5
4000,1
4001,1
4002,1
4003,2
4004,2
4005,1
4006,2
4007,2
4008,1
4009,3
4010,5
4011,1
4012,1
4013,2
4014,9
4015,2
4016,3
4017,5
4018,1
4019,1
4020,1
4021,7
4022,1
4023,8
4024,4
4025,2
4026,4
4027,1
4028,2
4029,3
4030,1
4031,4
4032,3
4033,1
4034,1
4035,1
4036,1
4037,1
4038,1
4039,2
4040,2
4041,3
4042,2
4043,1
4044,1
4045,1
4046,1
4047,1
4048,1
4049,2
4050,1
4051,4
4052,2
4053,5
4054,1
4055,1
4056,1
4057,1
4058,1
4059,1
4060,6
4061,1
4062,4
4063,3
4064,1
4065,1
4066,1
4067,3
4068,1
4069,1
4070,1
4071,1
4072,1
4073,3
4074,1
4075,1
4076,3
4077,1
4078,5
4079,2
4080,2
4081,1
4082,3
4083,3
4084,2
4085,1
4086,1
4087,1
4088,1
4089,1
4090,1
4091,2
4092,3
4093,2
4094,2
4095,1
4096,2
4097,3
4098,3
4099,1
4100,2
4101,1
4102,1
4103,1
4104,1
4105,1
4106,1
4107,1
4108,3
4109,2
4110,2
4111,1
4112,1
4113,1
4114,2
4115,3
4116,1
4117,3
4118,2
4119,1
4120,5
4121,1
4122,1
4123,2
4124,1
4125,1
4126,1
4127,1
4128,1
4129,3
4130,3
4131,3
4132,3
4133,3
4134,3
4135,3
4136,3
4137,3
4138,3
4139,1
4140,1
4141,2
4142,1
4143,1
4144,1
4145,1
4146,2
4147,1
4148,3
4149,2
4150,3
4151,2
4152,2
4153,2
4154,2
4155,2
4156,1
4157,2
4158,1
4159,1
4160,1
4161,1
4162,1
4163,1
4164,1
4165,1
4166,1
4167,1
4168,1
4169,3
4170,1
4171,3
4172,1
4173,1
4174,2
4175,2
4176,1
4177,4
4178,1
4179,1
4180,1
4181,2
4182,1
4183,3
4184,1
4185,1
4186,2
4187,1
4188,1
4189,1
4190,1
4191,1
4192,1
4193,1
4194,1
4195,2
4196,1
4197,1
4198,1
4199,1
4200,1
4201,1
4202,1
4203,1
4204,1
4205,2
4206,1
4207,1
4208,1
4209,1
4210,1
4211,1
4212,1
4213,2
4214,1
4215,1
4216,1
4217,1
4218,1
4219,1
4220,1
4221,1
4222,1
4223,1
4224,2
4225,2
4226,1
